page,chars_extracted,words_extracted,preview
1,176,22,A holistic  perspective of  scientific  agriculture A joint initiative to  impart farmers with  technical knowledge on  basic agriculture.Farmer’s Handbook on Basic Agriculture
2,420,67,"Disclaimer: The opinions expressed provided in this publication are those of the authors and do not necessarily reflect those of GIZ . The  designations employed and the presentation of material in this publication do not imply the expression of any opinion what-soever on the part of GIZ concerning the legal status of any country, territory, city or area, or concerning the delimitation of its frontiers or boundaries."
3,1111,146,"Farmer’s Handbook on Basic Agriculture Farmer’s Handbook on Basic Agriculture Prepared & compiled by Dr. P . Chandra Shekara National Institute of Agricultural Extension  Management (MANAGE) Ministry of Agriculture, GoIHyderabad, Andhra Pradesh India Dr. N. Balasubramani National Institute of Agricultural Extension  Management (MANAGE)Ministry of Agriculture, GoI  Hyderabad, Andhra Pradesh India Dr. Rajeev Sharma Dr. Chitra Shukla Desai Fruits & Vegetables Pvt. Ltd. Navsari, GujaratIndiaDr. Ajit..."
4,2834,362,"The Authors acknowledge the contribution of following experts/professionals in developing the  Handbook.  Mr. Max Baumann, Planning Officer, GIZ, Germany Mr. Fredrick Oberthur, Planning Officer, GIZ, Germany Mr. Ajit Kumar Desai, Chairman, DFV , Navsari, Gujarat  Dr. Sashidhar, Professor, University of Agriculture and Horticultural Sciences, Shimoga, Karnataka Dr. Syed Ahmed Hussain, Professor, ANGRAU, Hyderabad, Telangana Mr. V .Gunasekaran,Agricultural Officer, Pesticide Testing Laboratory, Dh..."
5,3586,510,"Farmer’s Handbook on Basic AgricultureAcknowledgement Higher demand for agricultural raw material is now anticipated and agriculture is not any more about  producing farm products and selling them exclusively at the local market. Instead farmers today have  a world market to serve. But the new chances bring new challenges. Farmers and agricultural enterprises, willing to be part of the new expanding world market, not only have to take into consideration customers’ preferences whom they want to s..."
6,4938,720,"Farmer’s Handbook on Basic Agriculture Preface Agriculture is an important sector of Indian Economy as more than half of its population relies on Ag- riculture as principle source of income. Research and Extension systems play major role in generation  and dissemination of Agricultural technologies aiming at enhancing the income of farmers. The extension system adopts series of extension methods such as Training, demonstration, exposure visit to transfer the technologies from lab to land. Majori..."
7,315,47,Farmer’s Handbook on Basic Agriculture Contents 1. General Conditions for Cultivation of Crops 1-32 2. Soil and Plant Nutrition 33-70 3. Plant Protection 71-96 4. Categories of Pesticides and Precautions 97-98 5. Farm Management 99-120 6. Occupational Health and Safety 121-130 7. Farmer’s Access to Service 131-136
8,0,0,
9,2844,439,"General Conditions for Cultivation of Crops Farmer’s Handbook on Basic Agriculture 1Agricultural Universities, Research Institutes,  Krishi Vigyan Kendras have been generat- ing ample technologies to improve the productiv-ity and profitability of the farmers. How many of these technologies are reaching the farmers? Base-line Situation Assessment conducted by Partner - ship farming in India, in Gujarat and Maharashtra, clearly indicated that farmers with access to techni-cal knowledge on agricult..."
10,84,12,2 General Conditions for Cultivation of Crops Farmer’s Handbook on Basic Agriculture
11,2990,456,"General Conditions for Cultivation of Crops Farmer’s Handbook on Basic Agriculture 31.3. Factors influencing decisions on  the selection of crops and cropping system Climatic factors  Is the crop/cropping system suitable for local weath- er parameters such as temperature, rainfall, sun shine hours, relative humidity, wind velocity, wind direction, seasons and agro-ecological situations? Soil conditions  Is the crop/cropping system suitable for local soil type, pH and soil fertility?  Water  • Do..."
12,3505,537,4 General Conditions for Cultivation of Crops Farmer’s Handbook on Basic Agriculture where to sell? When to sell? Whom to sell to?  What form to sell in? What price to sell for? • Do you get real time market information and market intelligence on proposed crops? Policies and schemes • Do Government policies favour your crops? • Is there any existing scheme which incentivises your crop? • Are you eligible to avail those benefits? Public and private extension influence Do you have access to Agricu...
13,1868,300,"General Conditions for Cultivation of Crops Farmer’s Handbook on Basic Agriculture 5Climate, cropping pattern and agricul- tural production issues • Cropping patterns based on climate and land  capability are sustainable but market forces and farmers’ aspirations are forcing unsustainable systems. • Farmers must innovate in producing more even from less endowed areas by adopting suitable technologies to cope with changing climate.  • Climate change will likely to cause further problems in our cr..."
14,3633,559,"6 General Conditions for Cultivation of Crops Farmer’s Handbook on Basic Agriculture Change in pest and disease scenario  due to climate change • Due to increase in rainfall: Pests like bollworm,  red hairy caterpillar and leaf spot diseases may increase.Due to increase in temperature: Suck-ing pests such as mites and leaf miner may in-crease. • Due to variation in rainfall and temperature: Pest and diseases of crops to be altered because of more enhanced pathogen and vector devel-opment, rapid ..."
15,798,107,"General Conditions for Cultivation of Crops Farmer’s Handbook on Basic Agriculture 7Coping options for farmers Enlarging the Food Basket • Diversifying the livelihood sources.  • Changing cropping patterns. • Increased traditional coping strategies. • Change to a mixed cropping pattern. E.g: Crop Mixture-Nutri Millets, Pulses and Oilseed Integrated Farming System • Increased share of non-agricultural activities  E.g: Type of Integrated Farming Systems  Agriculture +vegetable cultivation Agricult..."
16,377,51,"8 General Conditions for Cultivation of Crops Farmer’s Handbook on Basic Agriculture Coping options for farmers continued.... Lucerne & Sunhemp for green  manuring & fodder  Farm Pond   Conservation Furrow  • Improved on-farm soil & water conservation. • Adopting scientific water management, nutri- ent management and cultural practices.  Vegetative Barriers Percolation Tanks"
17,475,63,General Conditions for Cultivation of Crops Farmer’s Handbook on Basic Agriculture 9Coping options for farmers continued....  Contour trenching for runoff collec-tion Conventional Raised Bed Planting • 20-25% Saving in irrigation water  Shelterbelts • Shelterbelts reduce wind velocity. • Moderate temperature. • Reduce evaporative loss and conserve soil  moisture. Straw Thatching • Protecting young seedlings against cold by cov-ering with straw thatching. Frost Protection
18,3648,605,"10 General Conditions for Cultivation of Crops Farmer’s Handbook on Basic Agriculture 1.5. Soil and Water Conservation Soil and water are our precious heritage. Hence,  it is obligatory on our part to protect and hand  over these resources to further generations. It is estimated that about 50% of the cultivated area in India suffers from severe soil erosion and requires remedial measures.  • Water resources are essential for increasing and stabilizing crop production. • Wind erosion has been res..."
19,1711,272,"General Conditions for Cultivation of Crops Farmer’s Handbook on Basic Agriculture 11 • Rills develop when there is a concentration  of runoff water which, if neglected, grow into large gullies. • More serious in soils having a loose shallow top soil. • Transition stage between sheet erosion and gul-lying. Gully erosion: Removal of soil by running wa- ter with the formation of channels that cannot be smoothed out completely by cultivation. • Advance stage of rill erosion. • Any concentration of ..."
20,2554,398,12 General Conditions for Cultivation of Crops Farmer’s Handbook on Basic Agriculture Conservation farming • Farming across the slope • Strip cropping • Rotations • Mixed cropping and intercropping • Surface mulching • Timely farm operations • Improved water user efficiency • Land levelling • Providing safe drainage • Intermittent terraces • Growing vegetation on the bunds Vegetation and vegetative management • Strip cropping • Stubble mulching • Mulching Wind erosion management • Protect the so...
21,3409,585,"General Conditions for Cultivation of Crops Farmer’s Handbook on Basic Agriculture 131.6. Irrigation An adequate water supply is important for plant  growth. When rainfall is not sufficient, the  plants must receive additional water from irriga-tion.  Points consider for irrigation decisions • Land suitability for irrigation like slope • Effective rainfall: Part of the total rain is useful for crop production • When to irrigate: Decide based on soil, crop and climatic condition • How much to irr..."
22,2689,438,"14 General Conditions for Cultivation of Crops Farmer’s Handbook on Basic Agriculture or bund breaks. (ii) The cascade method:  irrigation water is supplied to the highest terrace, and then allowed to flow to a lower terrace and so on.  Maintenance of basins• Bunds are susceptible to erosion. This may be caused by, for example, rainfall, flood or the passing of people when used as foot-paths.  • Rats may dig holes in the sides of the bunds.  • Therefore, it is important to check the bunds regula..."
23,1002,161,"General Conditions for Cultivation of Crops Farmer’s Handbook on Basic Agriculture 15• Cooling of crops • Higher pro+ductivity of crops Use of Sprinklers for different crops Crop Type Crop Example  Cereals Maize, Sorghum, Wheat, Jowar Flowers Carnation, Jasmine, Marigold Oilseeds Groundnut, Mustard, Sunflower Vegetables Onion, Potato, Radish, Carrot Fodders Asparagus, Pastures Pulses Gram, Pigeon pea, Beans Plantation Coffee, Rubber, Tamarind Fibre Cotton, Sesame Spices CardamomResponse of diffe..."
24,1160,177,"16 General Conditions for Cultivation of Crops Farmer’s Handbook on Basic Agriculture Drip irrigation Water is conveyed under pressure through a pipe  system to the fields, from where it is discharged slowly or at a pre designed rate. The latter can be matched to the soil infiltration capacity through emitters or drippers that are located close to the root zone of the plants. A typical drip irrigation system consists of the following components:• Pump unit • Control unit • Filtering unit • Mainl..."
25,908,125,"General Conditions for Cultivation of Crops Farmer’s Handbook on Basic Agriculture 17Name of the Crop Critical Stages  Oil Seeds Ground nut Flowering, Peg Formation and Pod Development Sesame Blooming to Maturity Sunflower Pre-flowering to Post-flowering Soybean Blooming and Seed Formation Vegetables Onion Bulb Formation and Pre-maturity Tomato Flowering and Fruit Setting Chilies Flowering and Fruit Setting Cabbage Head Formation Potato Tuber Initiation to Maturity Carrot Root Enlargement Others..."
26,1506,223,18 General Conditions for Cultivation of Crops Farmer’s Handbook on Basic Agriculture Crop Yield increase  (%)Water saving  (%) Sugarcane 133.3 49.3 Cotton 88.0 46.6 Onion 53.8 46.1 Potato 79.5 54.1Benefits of drip irrigation over surface irrigation continued.... Crop Yield increase  (%)Water saving (%) Lady’s finger 16.0 40.0 Brinjal 14.0 53.0 Chillies 44.0 62.0 Papaya 75.0 68.0 On-farm irrigation efficiency of different irrigation methods 1.6.2. Centrally sponsored micro irrigation scheme It i...
27,2826,449,"General Conditions for Cultivation of Crops Farmer’s Handbook on Basic Agriculture 19Salient Features • Out of the total cost of the Micro Irrigation (MI) System, 40% will be  borne by the Central Government, 10% by the State Government and the remaining 50% will be borne by the beneficiary either through his/her own resources or soft loan from financial institutions. • Assistance to farmers will be for covering a maximum area of 5 hec-tare per beneficiary family. • Assistance for drip and sprin..."
28,1608,260,20 General Conditions for Cultivation of Crops Farmer’s Handbook on Basic Agriculture Eligibility As indicated in column 5 above. Area of Operation The focus will be on horticultural crops being covered under the Na- tional Horticulture Mission in 24 States/UTs. A cluster approach will be adopted. The focus has also been extended to non horticultural crops. Procedure to Apply Project proposals are submitted through the State Government for re-lease of assistance. 1.6.3. Drainage Drainage it is a...
29,2451,408,"General Conditions for Cultivation of Crops Farmer’s Handbook on Basic Agriculture 211.7. Seed  A ’seed’ (in some plants, referred to as a ‘kernel’)  is a small embryonic ’plant’ enclosed in a cov- ering called the seed coat, usually with some ‘stored food’ . Seeds fundamentally are a means of repro-duction and most seeds are the product of ‘sexual reproduction’ , which remixes genetic material and ‘phenotype variability’ that ‘natural selection’ acts upon. The seed is the basic input in agricul..."
30,2145,341,"22 General Conditions for Cultivation of Crops Farmer’s Handbook on Basic Agriculture Seed treatment Seed treatment is usages of specific products and spe- cific techniques to improve the growth environment for the seed, seedlings and young plants. It ranges from a basic dressing to coating and pelleting. Seed dressing: This is the most common method  of seed treatment. The seed is dressed with either a dry formulation or wet treated with a slurry or liq-uid formulation. Dressings can be applied..."
31,1873,288,"General Conditions for Cultivation of Crops Farmer’s Handbook on Basic Agriculture 23Recommendation of seed treatment for different crops contiued... Name of Crop Pest / Disease Seed Treatment Remarks Chillies Anthracnose spp. Damping off Soil borne infection of  fungal disease   Jassid, aphid, thripsSeed treatment with Trichoderma viride 4g/kg Trichoderma viride @ 2 gm/kg. seed and  Pseudomonas flourescens@10gm/kg Cap-tan  75 WS @ 1.5 to 2.5 gm a.i./litre for soil  drenching. Imidacloprid 70 WS..."
32,2054,313,"24 General Conditions for Cultivation of Crops Farmer’s Handbook on Basic Agriculture 1.8. Cropping systems Farmers resort to cultivation of a number of crops  and rotate particular crop combinations. More  than 250 cropping systems are being followed in In-dia, of which 30 cropping systems are more preva-lent. Some of the important cropping systems are: 1. Sequential cropping system:  Growing crops in sequence within a crop year, one crop being sown after the harvest of the other. For example, ..."
33,2230,333,"General Conditions for Cultivation of Crops Farmer’s Handbook on Basic Agriculture 25Integrated farming System (IFS) To feed ever-increasing population of the country,  extensive cropping system give ways to intensive cropping which are exploiting natural resources. Therefore in future more thrust will be on efficient natural resource management and sustainable pro-duction system. This encompasses an animal com-ponent, an perennial and annual crop component, aqua culture, agro based production a..."
34,1575,224,"26 General Conditions for Cultivation of Crops Farmer’s Handbook on Basic Agriculture 1.9. Mechanization Modernization of agriculture requires appro- priate machinery for ensuring timely field  operations, effective application of agricultural in-puts and reducing drudgery in agriculture. Advantages of mechanization • Increase cropping intensity • Ensure large area coverage and timeliness • Increasing farm labour productivity • Increases crop productivity and profitability First step in mechaniz..."
35,514,82,General Conditions for Cultivation of Crops Farmer’s Handbook on Basic Agriculture 27 Seed Treating Drum Tractor Drawn CRIDA 9 Row Planter CRIDA 2 Row Planter Field of Operation of Y anji Transplanter for SRI Inter-Cultivation Equipments Wheel Hoe Reduces the cost of weeding up to 50% Grubber Weeder Cost savings of up to 60% are possible at the early stages of  crop growth. Cono Weeder Weeding under wetland paddy cultivation Tractor – Operated Cotton Weeder B.D. 3 Tyne CultivatorSeeding and Plan...
36,503,79,28 General Conditions for Cultivation of Crops Farmer’s Handbook on Basic Agriculture Plant Protection Equipments Knapsack Power Sprayer Tree Sprayer Blower Sprayer Power Tiller Mounted Sprayer Harvesting Equipments Austoft Chopper Harvester Coconut Tree Climber Groundnut Digger Banana Clump Remover Cotton Stalk Puller• Used for picking of coconuts  • Average time taken for climbing up and down is about  6.30 min for a 13 m tree and time for fixing and remov-ing the device on the tree is 4 minut...
37,205,25,General Conditions for Cultivation of Crops Farmer’s Handbook on Basic Agriculture 29 Castor Sheller  Groundnut Pod StripperThreshing Equipments Seed Cleaner  Winnowing FanWinnowing and Clearing Equipments
38,3420,496,"30 General Conditions for Cultivation of Crops Farmer’s Handbook on Basic Agriculture 1.10. Good Agricultural Practices  (GAP) Good Agricultural Practices (GAP) are ""prac - tices that address environmental, economic and  social sustainability for on-farm processes, and which  result in safe and quality food and non-food agricul-tural products"". What are GAP codes, standards and  regulations?  Good Agricultural Practices (GAP) codes, stand- ards and regulations are guidelines which have been deve..."
39,2789,403,General Conditions for Cultivation of Crops Farmer’s Handbook on Basic Agriculture 31Seeding techniques  • Depth of placement • Method of placement • Time of placement • Seed treatments • Managing the above based on pest nature will  give good results Promote useful animals • Keep good predator population. • Promote growth of beneficial insects. • Create an environment congenial for predators; e.g. keeping bird perch in the field. • Identify the useful animals and study their hab-itat for provid...
40,0,0,
41,1470,228,"Soil and Plant Nutrition Farmer’s Handbook on Basic Agriculture 332.1. Objectives of the session  • To increase the awareness and understanding about the soil, its structure, physical, chemical and bio- logical properties and soil fertility.  • To strengthen the farmer’s knowledge to manage the soil fertility in an economically and environmen-tally sustainable manner. 2.2. What we know at the end of the session • Soil composition • Physical, chemical and biological characteristics of soil • Soil..."
42,1376,227,"34 Soil and Plant Nutrition Farmer’s Handbook on Basic Agriculture Soil colour • Dark colour indicates usually medium to high  fertility due to high amount of organic matter. These soils have usually high amount of nutri-ents, good water holding capacity and structure and are well aerated.  • Light colour indicates medium to low fertil-ity. These soils may have leaching issue (water makes organic matter and other nutrients move downward faster).  Soil depth • The depth of soil to which the roots..."
43,2040,344,"Soil and Plant Nutrition Farmer’s Handbook on Basic Agriculture 35Soil pH • Soil pH is of utmost importance in plant growth  as it influences nutrient availability, toxicities and the activity of soil organisms.Tips for soil pH management • Acid soils are to be corrected by using lime, quantity of lime application is as per soil test report. • Alkali soils are to be corrected by gypsum/sul-phur, quantity of application is as per soil test report. • Saline – alkali soils should be treated with gy..."
44,2357,359,36 Soil and Plant Nutrition Farmer’s Handbook on Basic Agriculture Strongly acidMedium  acidSlightly acidVery slightly acidVery slightly alkalineSlightly alkalineMedium alkalineStrongly alkaline 4.0 4.5 5.0 5.5 6.0 6.5 7.0 7.5 8.0 8.5 9.0 9.5 10nitrogen phosphoruspotassium sulphur calciummagnesium iron manganese boron copper & zinc molybdenum • Applying various organic manures • Mulching organic wastes • Using green manures and cover crops • Suitable crop rotation • Reducing soil tillage • Avoid...
45,1158,172,"Soil and Plant Nutrition Farmer’s Handbook on Basic Agriculture 372.4. Deficiency Symptoms of Nutrients in Plants Nitrogen (N) – deficiency symptoms 1. Stunted growth. 2. Appearance of light green to pale-yellow col- our on the older leaves, starting from the tips. This is followed by death and/or dropping of the older leaves depending upon the degree of deficiency. 3. In acute deficiency, flowering is greatly re-duced. 4. Lower protein content.  Phosphorous (P) – deficiency  symptoms 1. Overall..."
46,1414,216,"38 Soil and Plant Nutrition Farmer’s Handbook on Basic Agriculture Calcium (Ca) – deficiency symptoms 1. Calcium deficiencies are not seen in the field  because secondary effects associated with high acidity limit growth. 2. The young leaves of new plants are affected first. These are often distorted, small and ab-normally dark green. 3. Leaves may be cup-shaped and crinkled and the terminal buds deteriorate with some breakdown of petioles. 4. Root growth is markedly impaired; rooting of roots o..."
47,1699,273,"Soil and Plant Nutrition Farmer’s Handbook on Basic Agriculture 39  Zinc (Zn) deficiency symptoms 1. Deficiency symptoms mostly appear on the  2nd or 3rd fully mature leaves from the top of plants. 2. In maize, from light yellow striping to a broad band of white or yellow tissue with reddish purple veins between the midrib and edges of the leaf, occurring mainly in the lower half of the leaf. 3. In wheat, a longitudinal band of white or yel-low leaf tissue, followed by interveinal chlo-rotic mot..."
48,1184,185,"40 Soil and Plant Nutrition Farmer’s Handbook on Basic Agriculture Boron (B) - deficiency symptoms 1. Death of growing plants (shoot tips). 2. The leaves have a thick texture, sometimes  curling and becoming brittle. 3. Flowers do not form and root growth is stunted. 4. “Brown heart” in root crops characterized by dark spots on the thickest part of the root or splitting at centre.  Manganese (Mn) - deficiency  symptoms 1. Chlorosis between the veins of young leaves,  characterized by the appeara..."
49,499,92,"Soil and Plant Nutrition Farmer’s Handbook on Basic Agriculture 41Some common deficiency symptoms are:  Chlorosis - It is the loss of chlorophyll leading  to yellowing in leaves. It is caused by the defi- ciency of elements like K, Mg, N, S, Fe, Mn, Zn and Mo. Necrosis are death of tissues, particularly leaf  tissue is caused by deficiency of K, Ca, Mg Inhibition of cell division is caused due to lack or deficiency of N, K, S and Mo.  Premature fall of leaves and buds  • deficiency of K and P ."
50,318,54,"42 Soil and Plant Nutrition Farmer’s Handbook on Basic Agriculture Stunted/Retarded plant growth caused  by the deficiency of N, P , K, Zn, Ca. Delay in flowering due to deficiency of N, S  and Mo. In case the farmers observe the above symptoms, farmers are advised to consult the local extension worker  for remedies."
51,2183,339,Soil and Plant Nutrition Farmer’s Handbook on Basic Agriculture 432.5. Different fertilizers and their  nutrient content Important chemical fertilizers are the source of  major nutrients. Different fertilizers and their  nutrient content are illustrated in the table below:  Fertilizer Nutrient content (%) N P* K Single nutrient fertilizers Ammonium sulphate 20 0 0 Urea 46 0 0 Calcium ammonium nitrate128 0 0 Single super phosphate 0 7 0 Triple Super Phosphate 0 20 0 Potassium sulphate 0 0 40 Muri...
52,1001,166,44 Soil and Plant Nutrition Farmer’s Handbook on Basic Agriculture Soil sampling: an illustration Selecting sampling spot Remove the surface litter at the  sampling spotMake a ‘V’ shaped cut to a depth of 15 cm in the sampling spot Collect soils - V shaped cut:Remove thick slices of soil from top to bottom of exposed face of the ‘V’ shaped cut and place in a clean containerMix the samples thoroughly Quartering is done by dividing the thoroughly mixed sample into four equal partsTwo opposite quar...
53,3531,563,"Soil and Plant Nutrition Farmer’s Handbook on Basic Agriculture 45B. Plant Analysis Plant Analysis is the second tool, after soil test- ing that is critical to improve crop nutrition and  yield. Only plant analysis can identify the actual nutrient status of a plant or crop. While soil testing identifies the nutrients offered to the crop or plants, Plant analysis identifies how well the plants utilizes the soil nutrients and applied nutrients. Plant analy-sis allows the plant to tell us what nutr..."
54,1954,324,46 Soil and Plant Nutrition Farmer’s Handbook on Basic Agriculture The soil nutrient demand usually is based on: • Soil nutrient level • Crop variety and yielding ability • Soil moisture • Targeted yield Soil analysis direct the farmer on quantity and qual- ity of fertilisers to be used. Farmers can get the crop specific nutrient (fertilizer) recommendations af-ter consulting the local extension service or their DESAI-trainer and discussing with them the soil analysis report.  C. Recommended Fer...
55,2242,335,Soil and Plant Nutrition Farmer’s Handbook on Basic Agriculture 47Disadvantages: • Over application usually results in economic  and environmental losses. • Over supply makes plant tissues soft and vul-nerable to diseases and pathogens. • Increased rate of soil organic matter decompo-sition resulting in soil degradation. • Many nutrients applied are easily lost through different chemical reactions. Organic fertilizers Advantages: • Balanced nutrient supply. • Enhance the soil biological activity...
56,2594,447,"48 Soil and Plant Nutrition Farmer’s Handbook on Basic Agriculture Ring application: Spread the fertilizer around  the tree at a distance of about one meter. Foliar application: liquid fertilizers are sprayed  on the crops. • Highly efficient • Special equipment required • High cost • Only selected fertilizers can be applied Fertigation along with irrigation Method of application and nutrients The method of application should be chosen ac- cording to the nutrient, crop, soil and cultivation meth..."
57,2528,442,Soil and Plant Nutrition Farmer’s Handbook on Basic Agriculture 49 The formula for calculating the fertilizer to be  applied (kg/ha) =  100 --------------------------------------- X recommended Nutrient content in the dose (kg/ha)  fertilizer material (%)  Nutrient cost comparison Example - 1 1. Urea with 46% N costs Rs.562.20 per 100 kg. 2. Ammonium sulphate 20% N costs Rs.1029 per 100 kg. Urea has 46% N i.e. 46 kg N in every 100 kg urea. Therefore unit value of N in urea: 562.2/46= Rs.12.22 pe...
58,3418,582,"50 Soil and Plant Nutrition Farmer’s Handbook on Basic Agriculture Organic fertilizers Organic manures are natural p roducts used to pro- vide the nutrients to crops. Examples of organic  manure are cow dung, farmyard manure, green ma- nure, compost from crop residues, vermicompost and other biological waste. Organic manures increase the organic matter in the  soil. Organic matter in turn releases the plant food in available form for the use of crops. However, or - ganic manures should not be se..."
59,3341,509,Soil and Plant Nutrition Farmer’s Handbook on Basic Agriculture 51• Loppings of trees can be incorporated 15 days  before planting • Provide approximately 5 to 10 tons Example: Pongamia and Neem  Oilcakes • Concentrated organic matter • Mix with chemical fertilizer is useful as they make fertilizer slow release • Use to enrich compost/organics • Use preferably non edible oil cakes Liquid Fertilisers • Liquid form of fertilizers are applied with irri-gation water or for direct application through...
60,1989,283,"52 Soil and Plant Nutrition Farmer’s Handbook on Basic Agriculture Plant Nutrient Microorganism Crops Benefited NITROGEN a) Symbiotic Rhizobium Azolla b) Associative Symbiosis Azospirillum c) Non Symbiotic Azotobacter Blue- green AlgaeAll leguminous crops; Rice All cereal crops; Sugar cane All crops; Rice PHOSPHORUS Microorganism Crops Benefited a) Solubilizing  EffectBacteria: (Bacillus, Pseudomonas) Fungi: (Aspergillus Penicillium)All CropsAll Crops b) Absorbing  Effect Ecto Mycorrhizal Endomy..."
61,2900,480,"Soil and Plant Nutrition Farmer’s Handbook on Basic Agriculture 53I. Package of Practices – Banana Banana is one of the most commonly grown fruit crop of the country. India produces about  26.217 MT of banana from an area of 0.709 Mha with an average productivity of 37.0 mt/ha.  Major producing states are Tamil Nadu, Maharashtra, Karnataka, Gujarat, Andhra Pradesh, As-sam and Madhya Pradesh. Tamil Nadu has 0.1244 mha under banana and the total production during 2008-09 is 6.667 Mmt with 53.6 mt/..."
62,1594,277,54 Soil and Plant Nutrition Farmer’s Handbook on Basic Agriculture Details of Drip System Lateral spacing 1.5 m Dripper per plant 2 Spacing between two drippers 30 cm away on either side of stem Dripper discharge rate 4.0 lph Water requirement for banana under drip irrigation Months after planting Liters / day / plant 1-3 5 3-5 9 5-8 11 8-11 10 Application of Fertilizers Basal FYM should be applied @ 20 to 25 t/ha at the time of land preparation. Top dressing of fertilizer  should be done as giv...
63,2295,380,"Soil and Plant Nutrition Farmer’s Handbook on Basic Agriculture 55Plant protection measures  Diseases Control Measures Bunchy top Aphid should be controlled by applying systemic insecticide  viz; Acetamiprid: (0.2gm/litre). Premature fruit ripening Sucker should be dipped in the solution of Aurofugin1 10 g in  100 litres of water for 1.5 hrs. Pests Control Measures Rhizome weevil and nematode Neem based products such as Neem oil, Neem cake, Neem seed Kernal extract (NSKE) can be applied. Bunch c..."
64,2821,462,"56 Soil and Plant Nutrition Farmer’s Handbook on Basic Agriculture II. Packages of Practices – MANGO Mango is the most important fruit crop of India. India produces about 12.750 Mt of Mango  from an area of 2.309 Mha with an average productivity of 5.5 mt/ha. Major producing  states are Andhra Pradesh, Uttar Pradesh, Bihar, Karnataka, Tamil Nadu, West Bengal, Orissa & Maharashtra. Uttar Pradesh has 0.2712 mha under mango and the total production during 2008-09 is 3.465 Mt with 12.8 mt/ha product..."
65,2394,368,"Soil and Plant Nutrition Farmer’s Handbook on Basic Agriculture 57 MangoApplication of fertilizers: Mango should be manured with phosphorus twice in a year i.e. the  beginning of the monsoon (June-July) and during the period of post-monsoon (September-Octo- ber). Usually fertilizers (N and K) are applied in split doses in the month of June-July, September-October, January-February and March-April. For adult trees (10 years or above) 1,000g N, 75g P2O5, 75g K2O and 100 kg FYM per year should be a..."
66,1668,250,"58 Soil and Plant Nutrition Farmer’s Handbook on Basic Agriculture Disease Symptoms Control measures Anthracnose It attacks leaves, flowering  panicles and fruits.Spraying of Copper Oxychloride (0.03%)can control this disease. Powdery mil-dewWhitish powdery growth on the leaves.Wettable sulphur (0.02%) and Bayleton  (0.05%). Bacterial Can-kerUnattractive fruits because affected parts of fruits show longitudinal crack and oozing of bacterial exudate and lead-ing to fruit drop.StreptocycIine(100-2..."
67,1742,309,"Soil and Plant Nutrition Farmer’s Handbook on Basic Agriculture 59III. Package of Practices - Sugarcane Time Schedule Recommended Operations Before planting Plough the land up to 45 cm depth. Apply 25 tons per hectare of well-decomposed Farm Y ard Manure  (FYM) or decomposed molasses or compost and deep plough the field with tractor. Make ridges and furrows with 80 cm spacing having 20 cm height and  up to 10 m length. Apply 375 kg super phosphate in the furrows. Planting day Select about 75,000..."
68,1605,278,"60 Soil and Plant Nutrition Farmer’s Handbook on Basic Agriculture 45th day after planting Do hand weeding. Apply in pits a mixture of 110 kg nitrogen1, 60 kg of potash and 35 kg  of neem cake per hectare. 60th, 90th and 120th  days after plantingSpray a mixture of urea 2.5%, potassium chloride 2.5% during periods  of drought. On the 60th day, apply a mixture of 5kg azospirillum, 5kg phospho- bacterium and 250 kg of decomposed FYM in powder form at the bot-tom of the plants and irrigate immediat..."
69,1448,256,"Soil and Plant Nutrition Farmer’s Handbook on Basic Agriculture 61SCHEDULE OF OPERATIONS: RATOON CROP  Time Schedule Recommended Operations Remove trash, stubble shave uniformly under correct moisture condi- tions with sharp spades. Mix 15 tons of FYM or 25 tons of compost or 25 tons of decayed mo- lasses with 375 kg Superphosphate (75 kg of P2O5), 135 kg of nitrogen and 35 kg of neem cake per hectare in pits. Irrigate immediately, cutting the sides of the ridges and ensuring mix- ing of applied..."
70,880,149,"62 Soil and Plant Nutrition Farmer’s Handbook on Basic Agriculture 30, 60 and 90 days Spray a mixture of urea 2.5%, and potassium chloride 2.5%on the  leaves in drought situations. 120th day Detrash and earth up well. 121 to 210 days Release Trichogramma parasites (when required) once in 15 days. 180 days: Detrash a second time. 210 days Spray acetamiprid or thiamethoxam (0.2gm/litre of water) to control mealy bugs, white fly and scale insects. 251-360 days Irrigate once in 15 days and stop irri..."
71,2559,421,Soil and Plant Nutrition Farmer’s Handbook on Basic Agriculture 63IV . Package of Practice for Nagpur Mandarin  Cultivation Selection of site  Orchard: Soil should be well drained and of shallow or medium depth. Deep heavy soils hav- ing more than 60% clay contents are not suitable for citrus plantation. Nursery: Nursery  should be located at least 500 meters away preferably on western side of the orchard to minimize  incidence of insect pests and diseases. Raising of citrus nursery  Sowing of R...
72,2167,369,"64 Soil and Plant Nutrition Farmer’s Handbook on Basic Agriculture Budding • Budsticks should be used from the author - ized and certified source only.  • Budstick should be drawn from the last  years flush. The stick should have pencil thickness, be roundish and have whitish longitudinal streaks.  • Budstick should not be drawn from rub-bery wood or kikarpani plants.  • Budding should be performed at 10” – 12” height on the rootstock seedling.  Orchard Establishment  Pits size  • Pits for plant..."
73,2237,442,"Soil and Plant Nutrition Farmer’s Handbook on Basic Agriculture 65Leaf sampling  For correct diagnosis of nutritional status use of correct sampling technique is very important.  For this, it is important to know as to how many leaves, when, from which part of the plant and from how many trees should be sampled. In case of ambia bahar, 5-6 month old leaves in August-October and for mrig bahar 6-8 months old leaves in December and February should be sampled. As far as possible, the 2nd, 3rd of 4t..."
74,3654,594,"66 Soil and Plant Nutrition Farmer’s Handbook on Basic Agriculture nagpur mandarin, which is called as pre-harvest fruit drop and is important from economic point  of view to the orchardists. To control the fruit drop that occurs after fruit set, two foliar sprays of either 2,4-D or GA3 at 15 ppm + urea 1% and copper oxychloride 2 (0.3%) at monthly intervals in  April – May are recommended. Same spray concentration is recommended for controlling pre-harvest drop in the months of September and Oc..."
75,2563,418,"Soil and Plant Nutrition Farmer’s Handbook on Basic Agriculture 67destruction followed by smoking of orchard late evening hours is suggested. For fruit fly control,  hanging of methl eugenol (feromone) traps is an effective method to check the pest.  Mites: Citrus rust mites attack in mrig bahar fruits especially during September – November.  The fruit surface, particularly the side exposed to sun, is brushed and develops a big patch of dark brown colour – called ‘Lalya’ – only after 1 to 11/2 m..."
76,2750,464,68 Soil and Plant Nutrition Farmer’s Handbook on Basic Agriculture Pre-harvest spray of fungicide: Three pre-harvest sprays of fungicides like difenocon-  azole @2ml/litre water at 15 day intervals till drenching prevent pre-harvest fruit drop by 54%. It  also controls post harvest diseases upto 70%. This spray remains effective for 3 weeks at normal  temperatures.  Post-harvest fungicidal treatment: Fruits dipped in fungicidal solution difenoconazole for  5 minutes are safe to minimize rotting ...
77,587,89,"Soil and Plant Nutrition Farmer’s Handbook on Basic Agriculture 692.6. Lessons Learnt 1. Dark coloured soils are more fertile compared to light coloured soils. Neutral pH is more  suitable for majority of crops. Lime is used for amending acid soils and gypsum for alkaline soil. 2. Soil testing is essential for judicious application of fertilisers based on nutrients status in the soils. 3. Integrated Nutrient Management (INM) practices are useful for efficient, economic and sus-tainable productio..."
78,0,0,
79,2593,416,"Plant Protection Farmer’s Handbook on Basic Agriculture 713.1. Objectives of the session  • To increase the awareness and understanding about the crop pest, diseases and weeds.  • To strengthen the farmer’s knowledge on effective management of insects, diseases and weeds in crops  through Integrated Pest Management. • To sensitise farmers on safe handling of chemicals. 3.2. What we know at the end of the session • Insects and their life cycles • Methods of insect control including Integrated Pes..."
80,1136,187,"72 Plant Protection Farmer’s Handbook on Basic Agriculture damaging stage of insect to any crop. This stage  is normally seen in the field. • PUPA is an inactive stage preparing itself to de-velop to an adult. • Mostly ADULTS insects are harmless but many  bugs and beetles are harmful to plants.How the damage is visible? • The larva eats the leaf, fruits or the whole plant parts. Hence the damage is visible.  • Some insects scrape the plant tissues. They also cut the growing parts. Beetles, bugs..."
81,3480,573,"Plant Protection Farmer’s Handbook on Basic Agriculture 73They also provide us valuable HONEY and  other products. Another example of “friendly” insects are SILK WORMS. • NATURAL ENEMIES are insects that are ben-eficial to man since they feed from the egg or larvae and pupae of crop pest. They are called biological control agents. Examples are the trichogramma parasite for sugarcane borers, crub of green lacewing and ladybird beetle. 3.5. Insect classification Insects can be classified into 3 gr..."
82,3022,497,"74 Plant Protection Farmer’s Handbook on Basic Agriculture sequence instead of one single crop. • Keeping the fields clean: Managing the weeds  which provides home for pests, treating the seeds with pesticides, growing the crops in sea-sons where pest incidence is less, application of correct dose of fertilizer at correct time, opti-mum use of water are some of the agronomical methods to control pests. Pest load and monitoring Pest monitoring: Is the practice of examining  the crop to know wheth..."
83,2983,464,"Plant Protection Farmer’s Handbook on Basic Agriculture 75For example, Neem Seed Kernal Extract (NSKE)  5%, Gronim, Achook and Neemazal. 3.7. Pesticides Pesticides are the chemicals used to control pests. The pesticides can be broadly classified into  three groups based on how they act on insects. Contact and stomach poison: When insect  comes into contact or when the insect eats the pesti-cide sprayed parts, it gets killed. Contact and stom-ach poison is used for controlling larvae that feed on..."
84,1311,211,76 Plant Protection Farmer’s Handbook on Basic Agriculture 3.9. Sprayers/Dusters:  Types of applicators Based on what to apply • Sprayers are used to sprinkle the soluble chemicals.  • Dusters are used to spread the dust formulation of the pesticide.  Based on power source• Manually operated sprayers/duster • Power operated sprayers/duster • Fuel operated • Battery operated • Solar panel powered operated • Self propelled; i.e. they have their own power source for movement • Normally 50 -100 litr...
85,1819,294,"Plant Protection Farmer’s Handbook on Basic Agriculture 773.10. Integrated Pest Management  (IPM) ""IPM is a sustainable approach for managing  pests by combining biological, cultural, physi- cal and chemical tools in a way that minimizes eco-nomic, health, and environmental risks.""  3.11. Some insecticidal materials for  common household use Kerosene emulsion This is a contact insecticide useful against many  sucking insects. Finely divide 500 g of ordinary bar soap and dissolve it in 4.5 litres..."
86,3788,583,"78 Plant Protection Farmer’s Handbook on Basic Agriculture 3.12. Disease  Disease is an impairment of the normal state  of a plant that interrupts or modifies its vital  functions. All species of plants, wild and cultivated alike are subject to disease. Although each species is susceptible to characteristic diseases, these are, in each case, relatively few in number. The occurrence and prevalence of plant diseases vary from season to season, depending on the presence of the patho-gen, environmen..."
87,1963,292,"Plant Protection Farmer’s Handbook on Basic Agriculture 793.14. Disease control measures of important crops Crops Disease Symptoms Control Measures Banana 1. Siga- toka leaf spot On leaves small light yellow or brown-ish green narrow streaks appear. They enlarge in size becomes linear, oblong, brown to black spots with dark brown brand and yellow halo. Black specks of fungal fructification  appear in the affected leaves. Rapid drying and defoliation of the leaves.Remove affected leaves and burn...."
88,2491,404,80 Plant Protection Farmer’s Handbook on Basic Agriculture Crops Disease Symptoms Control Measures Banana  cont...4. Panama diseaseY ellowing of the lower most leaves starting from margin to midrib of the leaves. Y ellowing extends upwards and finally  heartleaf alone remains green for some time and it is also affected. The leaves break near the base and  hang down around pseudostem. Longitudinal splitting of pseudostem.  Discolouration of vascular vessels as red or brown streaks.  The fungus sp...
89,2091,309,"Plant Protection Farmer’s Handbook on Basic Agriculture 81Crops Disease Symptoms Control Measures Mango  cont...4. Mango malfor - mationThe dark epicarp around the base of the pedicel. In the initial stage the affected area en- larges to form a circular, black patch. Under humid atmosphere extends  rapidly and turns the whole fruit com-pletely black within two or three days. The pulp becomes brown and some- what softer. Dead twigs and bark of the trees,  spread by rains.Apply plant growth regula..."
90,2124,324,"82 Plant Protection Farmer’s Handbook on Basic Agriculture Crops Disease Symptoms Control Measures Cotton  cont...4. Leaf spotVarious types of leaf spots and blights. Many spots occur on leaves toward  maturity, but these are not usually damaging to the plant at this stage of growth.Use fungicide seed treatments. De-stroy crop residues. Use crop rotations and plant resistant varieties when available (esp. when Bacterial Blight is severe).  Keep potash levels at least medium to  high. 5. Verti-ci..."
91,1754,276,"Plant Protection Farmer’s Handbook on Basic Agriculture 83Crops Disease Symptoms Control Measures Citrus  cont...3. Citrus declineSymptoms vary with the cause of the malady. The affected trees do not always die completely, but remain in a state for decandance and unproductive for a number of years. Some-times they may suddenly wilt  and die in a day or two. In early stages, Symptoms are restricted to a few limbs, but eventually the whole tree is involved. Trees show sparse mottling leaves, stunt..."
92,2217,330,84 Plant Protection Farmer’s Handbook on Basic Agriculture 3.15 Concept of Seed Treatment The concept of seed treatment is the use and  application of biological and chemical agents  that control or contain primary soil and seed borne infestation of insects and diseases which pose dev-astating consequences to crop production and im-proving crop safety leading to good establishment of healthy and vigorous plants resulting better yields. The benefits of seed treatment are as follows: • Increased g...
93,2349,360,"Plant Protection Farmer’s Handbook on Basic Agriculture 85Bacterial wilt Pseudomonas fluorescens @ 10gm/kg. -do- Pest/Disease Seed Treatment Remarks Seed rot Trichoderma viride @ 6 gm/kg seed. -do- Jassids, whitefly Thiamethoxam (0.2gm/litre of water) Termite Treat the seed before sowing with any one  of the following insecticides. i) Chlorpyriphos @ 4 ml/kg seed (Best  available option and use with caution).For seed dressing metal seed dresser / earthern pots or polythene bags are used. Bunt/fa..."
94,1536,231,"86 Plant Protection Farmer’s Handbook on Basic Agriculture Rotation to non-host crops such as corn, cucurbits,  potatoes and tomatoes is an effective control for the cyst nematode. But is less likely to control the root knot nematode because of its wider host range. All species of Meloidogyne are called 'root knot' nema-tode but each species has a different host range, causing confusion over which crops or cultivars are resistant or tolerant to which species of root knot nematode. Rotations to n..."
95,3063,463,"Plant Protection Farmer’s Handbook on Basic Agriculture 873.17. Control measures - Tips for the  farmers • Correct identification of disease in your farm is  essential for effective control of disease. • With little experience, you can identify the dis-ease. However you can contact agricultural of-ficers of your area along with disease specimen and seek their help in identifying the disease. • Y ou can also give disease-affected plant parts to the Agri clinics for clinical test before under - ta..."
96,1532,255,"88 Plant Protection Farmer’s Handbook on Basic Agriculture 3.19. Weed and its relevance in crop  production  • Weeds are the plants, which grow where they  are not wanted  • Weeds compete with crops for water, soil nutri-ents, light and space  • Weeds reduce crop yields to the extent of up to 50 percent • Critical period of weed competition is approxi-mately 1/3rd of the duration of the crop Characteristics of weeds: “One year  seeding, seven years weeding” • Produces larger number of seeds comp..."
97,95,13,Plant Protection Farmer’s Handbook on Basic Agriculture 893.21. Different types of common weeds
98,58,8,90 Plant Protection Farmer’s Handbook on Basic Agriculture
99,113,15,"Plant Protection Farmer’s Handbook on Basic Agriculture 91 Source: Directorate of Weed Science Research, Jabalpur"
100,3393,549,"92 Plant Protection Farmer’s Handbook on Basic Agriculture 3.22. Control measures of weeds Principles of weed control • Prevention • Eradication • Control • Management a) Preventive weed control • Avoid using crop that are infested with weed  seeds for sowing • Avoid adding weeds to the manure pits • Nursery or planting material should be free from weeds • Keep irrigation channels, fence-lines and un-cropped areas clean • Constantly look for weed, destroy the weeds then and there • Use good qual..."
101,2388,361,Plant Protection Farmer’s Handbook on Basic Agriculture 93• Stale seedbed: Weeds are allowed to germi- nate and non-residual herbicide is sprayed to kill the young weed seedlings.  • Blind tillage: Ploughing after sowing of the crop and before plants emerge. Normally seed drills are used under rainfed condition for this purpose.  • Crop management practices: Vigorous and fast growing crop varieties for better compe-tition with weeds.  Merits of cultural method• Low cost  • Easy to adopt • Less t...
102,2387,382,94 Plant Protection Farmer’s Handbook on Basic Agriculture Formula- tionsEmulsifiable Concentrate (EC): Liquid form.  Wettable powders: Poisons mixed with  inert carrier.  Granules (G) poisons are mixed with  granular forms.  Water Soluble Concentrates (WSC)  forms are also available  3.24. Methods of application • Spraying • Broadcasting Foliar application Blanket spray: Both crop and weed is sprayed  with weedicide. Directed spray: Application of herbicides on  weeds only avoiding crop using h...
103,1947,282,Plant Protection Farmer’s Handbook on Basic Agriculture 953.28. List of Herbicides for different crops * There may be slight variation in doses. Please consult local Agricultural Extension Officer/Scien- tists from KVK or read carefully the leaflet attached along with the herbicide: Crop Herbicide Dose (kg ai/ha) Trade name and for - mulationTime of application Rice Thiobencarb 1.25 Machete 50% EC Delchlor 50% ECPre-emergence Anilophos 0.40 Thunder 50% ECSaturn 50% ECPre-emergence Pendimethalin ...
104,2977,453,"96 Plant Protection Farmer’s Handbook on Basic Agriculture 3.31. Beneficial Effects of Weeds or  Economic Uses of Weeds Several weeds have been put to certain economic  uses since ages. Some of the examples are: • Typha and Saccharum sp is used for making ropes and thatch boards. • Chicory Cichorium intybus roots are used for adding flavor to coffee powder. • Amaranthus viridis, Chenopodium album and Portulaca sp. are used as leafy vegetable.  • Hariyali grass (Cynodon dactylon) and Cenchrus Cil..."
105,2049,309,Plant Protection Farmer’s Handbook on Basic Agriculture 97Categories of Pesticides and Precautions Insecticide Group Label of Toxicity Precaution Flubendiamide Diamide Category D To be used with Caution. Emamectin Benzoate Macrocyclic Lactone -  AvermectinCategory D To be used with Caution. Spinosad Macrocyclic Lactone –  SpinosynCategory B To be used with great caution  (since toxic to bees etc.) and under the guidance of an Agri-culture Expert. Acetamiprid Neonicotinoids Category D To be used ...
106,1959,303,"98 Plant Protection Farmer’s Handbook on Basic Agriculture Difenoconazole Triazoles Category C To be used with caution and un- der the guidance of an Agricul-ture Expert. Triadimefon Triazoles Category B To be used with great caution and under the guidance of an Agriculture Expert. Tebuconazole Triazoles Category C To be used with caution and un-der the guidance of an Agricul-ture Expert. Herbicide Group Label of Toxicity Precaution 2,4-D Chlorophenoxy acid or esterCategory C To be used with cau..."
107,2468,379,"Farm Management Farmer’s Handbook on Basic Agriculture 994.1. Objectives of the session  • To equip the farmer to take advantage of improved technologies and market opportunities to increase  income. • To assist the farmer to make proper plan and adopts his production to assure food security for the family. • To empower the farmer for professional negotiations with buyers, input dealers and credit institutions. • To educate the farmer to make profitable decisions considering available resources ..."
108,3428,532,"100 Farm Management Farmer’s Handbook on Basic Agriculture Therefore the objectives of farming as a  business are:  • How to choose best variety/crop/cropping pat- tern • How to minimise input cost by judicious use  • How to increase the production and productiv-ity • How to enhance the quality • How to plan market driven production • Choosing the better source of finance and bet-ter avenues for investment • Efficient risk management For better farm management, the farm- er should have thorough ..."
109,2264,373,"Farm Management Farmer’s Handbook on Basic Agriculture 101Inputs Tools and equipment Labour Money Land  Seeds  Fertiliser Insecticide  FungicidePlough, hoe, spray-er, thresher, TractorsFamily and Paid workersSelf finance and creditOwn / Rented land Share-cropping What does one need to know about the market if one wants to do good business?  The market for agricultural produce The market for inputs and equipment The location of the market The locations of sale Who is the buyer? Who sells the inpu..."
110,1241,201,"102 Farm Management Farmer’s Handbook on Basic Agriculture for one season. With these three crops, farmers can  grow the following combinations in a year: • Paddy – Paddy (Kharif followed by Rabi) • Paddy – Maize (Kharif followed by Rabi) • Cotton – Maize (Kharif followed by Rabi) • Maize – Maize (Kharif followed by Rabi) Exercise 1: Agricultural Calendar of Operations to Plan the Production of Paddy.  The times of work… Of the main season are shown by a square  Of the off-season are shown by a ..."
111,1086,183,Farm Management Farmer’s Handbook on Basic Agriculture 103Exercise Sheet 2: Paddy Blank sheet to be filled by Farmer based on worked solution given below.  Steps:  • Multiply the quantity with the price in each line • Add the money spent (“Expenditure”) on inputs and labour • Multiply the yield by the price of sale (“Income”) • Subtract the sum of “money-out” from the “Income” • Determine if there was a gain or a loss Activity Unit Quantity Price Total (Rs.) Preparatory cultivation a) Machine / ...
112,1098,188,104 Farm Management Farmer’s Handbook on Basic Agriculture Activity Unit Quantity Price Total (Rs.) Furadon-3G Kg c) Cost of Application Labour Sub-Total Irrigation cost if any Power month Sub-TotalCost of harvest a) Combined harvester Hours Post harvest charges b) Cleaning and bagging (Human Labor) days Sub total Total cost of cultivation Yield Kgs/Ha. and returns a) Qty. produced Qtls. per ha qtls b) Gross returns received per ha (Rs.)c) Total cost involved per Ha (Rs.) d) Net returns per Ha (...
113,1100,194,Farm Management Farmer’s Handbook on Basic Agriculture 105Activity Unit Quantity Price Total (Rs.) c) Cost of fertilizer Kgs 120 N 12 1440 60 P 50 3000 40 K 28 1120 d) Application cost (Human Labour Male) Days 3 200 600 Sub-Total 6610 Weed control a) Cost of Manual weeding Labour 30 200 6000 b) Cost of herbicide if any (butachlor) Litre 2.5 200 500 Sub-Total 6500 Plant Protection a) Cost of bio-agents b) Cost of pesticides (Thiamethoxam/pro- fenophos)Litres 5 350 1750 Furadon-3G Kg 15 60 900 c) ...
114,973,153,"106 Farm Management Farmer’s Handbook on Basic Agriculture Exercise 1: Agricultural Calendar of Operations to Plan the Production of Maize  The times of work… Of the main season are shown by a square  Of the off-season are shown by a circle  The tasks of the farmerJanuaryFeb.MarchAprilMayJuneJulyAugustSept.OctoberNov.Dec.  Prepare the field Plough the field Purchase seeds Sow Fertilizer application Weeding Apply insecticide Harvest and store Important Lesson: For a good yield, the farmer plans t..."
115,1066,179,Farm Management Farmer’s Handbook on Basic Agriculture 107Exercise Sheet - 2 (Maize – Blank sheet to be filled by Farmer based on worked  solution given below. Steps:  • Multiply the quantity with the price in each line • Add the money spent (“Expenditure”) on inputs and labour • Multiply the yield by the price of sale (“Income”) • Subtract the sum of “money-out” from the “Income” • Determine if there was a gain or a loss Activity Unit Quantity Price Total (Rs.) Preparatory cultivation a) Machin...
116,1108,196,108 Farm Management Farmer’s Handbook on Basic Agriculture Activity Unit Quantity Price Total (Rs.) Irrigation cost if any Power month Sub-Total Cost of harvest a) Combined harvester Hours Post harvest charges b) Cleaning and bagging (Human Labor) days Sub totalTotal cost of cultivation Yield Kgs/Ha. and returns a) Qty. produced Qtls. per ha qtls b) Gross returns received per ha (Rs.)c) Total cost involved per Ha (Rs.) d) Net returns per Ha (Rs.) e) Cost benefit ratio (Gross Returns divided  by ...
117,946,168,Farm Management Farmer’s Handbook on Basic Agriculture 109Activity Unit Quantity Price Total (Rs.) a) Cost of Manual weeding Labour 20 150 3000 b) Cost of herbicide if any (butachlor) Days 4 500 2000 Sub-Total 5000 Plant Protection a) Cost of bio-agents b) Cost of pesticides Litres 5 300 1500 Furadon-3G Kg 10 60 600 c) Cost of Application Labour 4 200 8 Sub-Total 2900 Irrigation cost if any Power 4 500 2000 Sub-Total 2000 Cost of harvest a) human labour days 20 200 4000 b) Threshing (machine) qu...
118,974,154,"110 Farm Management Farmer’s Handbook on Basic Agriculture Exercise 1: Agricultural Calendar - Operations to Plan the Production of Cotton The times of work… Of the main season are shown by a square  Of the off-season are shown by a circle  The tasks of the farmerJanuaryFeb.MarchAprilMayJuneJulyAugustSept.OctoberNov.Dec.  Prepare the field Plough the field Purchase seeds Sow Fertilizer  application Weeding Apply insecticide Harvest and store Important Lesson: For a good yield, the farmer plans t..."
119,1135,187,Farm Management Farmer’s Handbook on Basic Agriculture 111Exercise Sheet - 2 (Cotton - Bt Cotton) – Blank sheet to be filled by Farmer based  on worked solution given below. Steps:  • Multiply the quantity with the price in each line.  • Add the money spent (“Expenditure”) on inputs and labour • Multiply the yield by the price of sale (“Income”) • Subtract the sum of “money-out” from the “Income” • Determine if there was a gain or a loss Cost of Cultivation Cotton (per hectare) Activity Unit Qua...
120,1075,195,112 Farm Management Farmer’s Handbook on Basic Agriculture Activity Unit Quantity Price Total (Rs.) Irrigation cost if any Power Sub-Total Cost of harvest a) Picking Kgs Sub total Total cost of cultivation Yield Kgs/Ha. and returns a) Qty. produced Qtls. per ha qtls b) Gross returns received per ha (Rs.) c) Total cost involved per Ha (Rs.) d) Net returns per Ha (Rs.) e) Cost benefit ratio (Gross Returns divided  by Total Cost) Solution to exercise 3 – Cotton Cost of Cultivation of Cotton (per he...
121,1028,166,Farm Management Farmer’s Handbook on Basic Agriculture 113Activity Unit Quantity Price Total (Rs.) b) Cost of herbicide if any (butachlor) Days  Sub-Total 11250 Plant Protection a) Cost of bio-agents b) Cost of pesticides (Imidacloprid/ Thia- methoxam/profenophos)Litres 10 350 3500 Furadon-3G Kg c) Cost of Application Labour 20 200 4000 Sub-Total 7500 Irrigation cost if any Power 6 500 3000 Sub-Total 3000 Cost of harvest a) Picking Kgs 2500 6 15000 Sub total 15000 Total cost of cultivation 57154...
122,2471,434,114 Farm Management Farmer’s Handbook on Basic Agriculture Module 4: Income and expenditure statement Comparing results to know whether you are doing successful farm business Please tell what is good and what is bad business and indicate the reasons.  Crop Unit 1 ha of Paddy 1 ha maize 1 ha Cotton Production Quintal 50 q Main product = 40 q By Product (stover/ Straw) = 4 cart load25 q Income Rs/ha 81400 42000 90000 Expenditure Rs/ha 46160 31375 57154 Profit or Loss?Rs/ha + 35240 + 10625 + 32846 ...
123,1176,194,"Farm Management Farmer’s Handbook on Basic Agriculture 115What are Fixed Costs? Certain costs are called fixed costs. These are costs for equipment and tools that the farmer owns and  are used for various crops over several years, such as sprayers, irrigation pumps, buildings etc. The  Fixed Costs do not vary with the size of the field.  Blank Exercise sheet of Income and Expenditure Statement: Comparing Results to know whether you are  doing successful Farm Business After, all the calculations ..."
124,1432,256,"116 Farm Management Farmer’s Handbook on Basic Agriculture Module 5: Manage your Money throughout the Y ear Bad management of money  • How does one know if the money is managed badly?  • What are the causes?  • What must one do to manage money well during the year?  One must plan! The person, who fails to plan, plans to fail!  First Step: Please look at Income and Expenditure for different crops on the farm and also look at  household expenditures. Below are the expenditures of a Household of 5 ..."
125,1234,226,Farm Management Farmer’s Handbook on Basic Agriculture 117Expenditure Jan Feb Mar Apr May Jun Jul Aug Sept Oct Nov Dec Paddy  (1 ha) - Kharif Cost of Inputs including labour 6550 18610 7400 3450 8150 2000 Paddy(1 ha) - Summer Cost of Inputs including labour 18610 7400 3450 8150 2000 6550 Household 3000 3000 3000 3000 3000 3000 3000 3000 3000 3000 3000 3000 School fees and material Happy events 1000 1000 Clothing 5000 1000 Unexpected events 300 300 300 300 300 300 300 300 300 300 300 300 Total pe...
126,2860,478,"118 Farm Management Farmer’s Handbook on Basic Agriculture * As the income is realised only during May and November, the monthly balance is shown as negative  which indicates that the farmers raises a hand loan/personal loan or shall keep the gross income (Rs 81,400  X 2 = 162,800) and spend through out the year based on the need.  Note: In this example all produce from the farm is sold as per the prevailing market rates. The profit of the  farmer depends on the price for the produce i.e., wheth..."
127,1606,249,"Farm Management Farmer’s Handbook on Basic Agriculture 119Anticipated Risks Remarks Lack of capital for investment for Paddy – Paddy or  Cotton - MaizePaddy and Maize is preferred followed by Maize - Maize Serious pest problems in Cotton Paddy – Paddy is preferred  Main Lessons • Comparing the gross margins of different crops and the production techniques, helps to make decisions on using the land to maximise revenue. This comparison is important to all agricul-tural entrepreneurs. • Comparing t..."
128,0,0,
129,2213,334,"Occupational Health and Safety Farmer’s Handbook on Basic Agriculture 1215.1. Objectives of the session  • To create an awareness about causes of health hazards, risks and fatalities in agriculture. • To impart the knowledge on preventive measures of health hazards in agriculture.  • To enlighten the farmers on use of first aid in emergencies. 5.2. What we know at the end of the session • Important occupational health hazards in agriculture • Factors responsible for increasing risk of injury or ..."
130,3224,473,"122 Occupational Health and Safety Farmer’s Handbook on Basic Agriculture Gases, pathogen • Skin diseases such as fungal infections  and allergic reactions • Parasitic diseases such as malaria, sleeping sickness and hookworm • Animal related diseases such as an-thrax, bovine tuberculosis and rabies (at least 40 of the 250 animal related diseases are occupational diseases in agriculture) • Cancers• Workers are in direct contact with en-vironmental pathogens, fungi, infect-ed animals, and allergen..."
131,3304,549,Occupational Health and Safety Farmer’s Handbook on Basic Agriculture 123Buying pesticides  Before buying think over this • Which pest is to be controlled? • Is damage crossing threshold level requiring  pesticide use? • Have you observed any predators that check pest attack? • What is the recommendation for the ob-served problem? • Which is the least toxic and low persistent chemical among recommendations? While buying • Buy from a reputed and licensed store. • Buy only required quantity and no...
132,1933,307,124 Occupational Health and Safety Farmer’s Handbook on Basic Agriculture • Take the patient to doctor at the earliest. • Take the container along with patient to consult  doctor. Snake and other animal bites or attacks  and precautions Snakebite is a routinely occurring life threatening  emergency in India. The mortality and morbidity  associated with the diverse presentation of snake- bites can be decreased if a proper history of the patient’s background and habits combined with a thorough kno...
133,1053,167,"Occupational Health and Safety Farmer’s Handbook on Basic Agriculture 125 • Make sure that appropriate protective clothing is available and is used  • Train all concerned with the application and also understand the recom- mendations. Ensure that soap, towel and plenty of water is available. • Pesticide should be kept in dry and locked store. During spraying • Take only sufficient pesticide for the day’s application from the store to the site. • DO NOT transfer pesticides from original container..."
134,994,161,126 Occupational Health and Safety Farmer’s Handbook on Basic Agriculture • Follow correct spray technique. Spray plant crop thoroughly by operating  sprayer at correct speed and correct pressure. • Never allow children or their unauthorized persons to be nearby during mixing. Never leave pesticides unattended in the field.  • Never spray if the wind is blowing towards grazing livestock or pastures regularly used. • Spraying should be done in the direction of Wind. After spraying • Remaining pes...
135,2732,438,"Occupational Health and Safety Farmer’s Handbook on Basic Agriculture 127 • Remove and wash protective clothing and footwear. • Wash yourself well and put on clean clothing. • Keep an accurate record of pesticide usage.  • Prevent persons from entering treated areas until it is safe to do so. • Mark the sprayed plots with a flag. Source : tnauagriportal 5.9 Basic Measures to Manage  Weeds, Diseases and Pest Problems  • Prevention is better than cure, hence follow the  preventive measures discuss..."
136,3942,655,"128 Occupational Health and Safety Farmer’s Handbook on Basic Agriculture • Never reach over or work near unguarded ro- tating parts. • Turn off machinery to attend to repairs. • Always replace shields that were removed  for maintenance. • Plug unused or failed borewell pits • Check all equipment for potential w.rap points (e.g. where clothing or hair could be wrapped around a shaft) and if possible, shield those points. • Replace any damaged manufacturer installed warning labels and place warni..."
137,1589,255,Occupational Health and Safety Farmer’s Handbook on Basic Agriculture 129• Triangular and roller bandages  • Cotton (1 roll)  • Band-aids (Plasters) • Scissors  • Pen torch • Latex gloves (2 pair)  • Tweezers  • Needle  • Moistened towels and clean dry cloth pieces.  • Antiseptic (Savlon or dettol)  • Thermometer  • Tube of petroleum jelly or other lubricant  • Assorted sizes of safety pins  • Cleansing agent/soap Non-prescription drugs  • Aspirin or paracetamol pain relievers  • Antidiarrhea me...
138,0,0,
139,2873,407,"Farmer's Access to Service Farmer’s Handbook on Basic Agriculture 1316.1. Objectives of the session  • To enhance awareness about source of extension, information and services among farmers.  • To expose farmers to public and private extension services.  • To encourage farmers to avail extension services through ICT means. • To enhance farmers knowledge on agricultural credit, insurance and legal aspects. 6.2. What we know at the end of the session Sources of extension and nature of services pro..."
140,2578,354,132 Farmer's Access to Service Farmer’s Handbook on Basic Agriculture banks and Primary Societies • Extend agriculture credits under priority sector • Implement NABARD schemes • Implement Government schemes • Implement social security schemes • Extends crop loans  Land (Agriculture & Rural) Development Banks • Extend medium and long term credit to agri- culture • Implement government schemes Public sector extension: Represented mainly  by the State Agriculture and allied departments continues to...
141,3567,465,"Farmer's Access to Service Farmer’s Handbook on Basic Agriculture 133livestock, fisheries, inputs, credit, government  scheme benefits, through toll free number 1800 180  1551 OR 1551 from 6 A.M. to 10 P .M. except on  Sundays and Gazetted holidays. Beyond these hours the calls are attended in the IVRS mode. Qualified professional in local language provides the advisory. Krishi Vigyan Kendra (KVK): A district sci- entific organizations that works on technology gen-eration, refinement and dissemi..."
142,3470,491,"134 Farmer's Access to Service Farmer’s Handbook on Basic Agriculture Mass Media • Rapidly expanding mass media ensures easy  access to information to farmers on real time basis. • Agricultural magazines, newspapers provide updated information on agriculture to farmers regularly. • Community radio, radio, and television pro-vides updated information to the farmers.  • Mobile is also widely used as channel for reach-ing farmers by many organizations. Internet opens worldwide information to the do..."
143,3469,578,"Farmer's Access to Service Farmer’s Handbook on Basic Agriculture 135address, particulars of land holding, borrow- ing limit, validity period, a passport size pho-tograph of holder which may serve both as an identity card and facilitate recording of transac-tions on an ongoing basis. • Borrower is required to produce the card cum pass book whenever he/she operates the ac-count. Banks implementing KCC • Allahabad Bank - Kisan Credit Card (KCC) • Andhra Bank - AB Kisan Green Card • Bank of Baroda ..."
144,2348,311,"136 Farmer's Access to Service Farmer’s Handbook on Basic Agriculture (Coffee Insurance) • Rubber Insurance • Coconut Insurance • Varsha Bima/Rainfall Insurance • Rabi Weather Insurance • Wheat Insurance (Weather & Biomass) • Potato Insurance • Bio-Fuel Tree/Plant Insurance • Pulpwood Tree Insurance • Cardamom Plant & Yield Insurance 6.6 . Legal aspects It is important for farmers to know the legal as- pects of important inputs namely seeds, fertiliz- ers, pesticides, etc. The Seeds Act 1966 dea..."
145,80,11,Farmer's Access to Service Farmer’s Handbook on Basic Agriculture 137  WORKSHEET
146,80,11,138 Farmer's Access to Service Farmer’s Handbook on Basic Agriculture  WORKSHEET
147,80,11,Farmer's Access to Service Farmer’s Handbook on Basic Agriculture 139  WORKSHEET
148,80,11,140 Farmer's Access to Service Farmer’s Handbook on Basic Agriculture  WORKSHEET
149,80,11,Farmer's Access to Service Farmer’s Handbook on Basic Agriculture 141  WORKSHEET
150,80,11,142 Farmer's Access to Service Farmer’s Handbook on Basic Agriculture  WORKSHEET
151,80,11,Farmer's Access to Service Farmer’s Handbook on Basic Agriculture 143  WORKSHEET
152,80,11,144 Farmer's Access to Service Farmer’s Handbook on Basic Agriculture  WORKSHEET
153,0,0,
154,588,68,"For further information,  contact:  Dr. P . Chandra Shekara National Institute of Agricultural  Extension Management (MANAGE)Ministry of AgricultureGovernment of IndiaHyderabad, Andhra PradeshIndia  Mrs. Sabine Preuss Programme Director Natural Resource ManagementDeutsche Gesellschaft für Internationale Zusammenarbeit (GIZ) GmbHA2/18, Safdurjung Enclave 2nd floor, New Delhi - 110029 India Mr. Rajiv Ahuja  Technical Expert Natural Resource Management ProgrammeDeutsche Gesellschaft für Internation..."
